year,month,trimestre,archivo,ingsueld,factor_hd,t_index
2020,NA,TNA,Marzo2020.sav,400000,0.5601732134819031,NA
2021,NA,TNA,Base_web_Septiembre2021.sav,360000,1,NA
2016,NA,TNA,Septiembre2016.sav,180000,0.6386399269104004,NA
2016,NA,TNA,Junio2016.sav,99999999,0.6368113160133362,NA
2019,NA,TNA,Diciembre2019.sav,180000,0.6615179181098938,NA
2014,NA,TNA,marzo2014.sav,220000,0.6119349002838135,NA
2016,NA,TNA,Junio2016.sav,950000,0.6368113160133362,NA
2022,NA,TNA,Base_web_Septiembre2022.sav,600000,1,NA
2010,NA,TNA,septiembre2010.sav,300000,0.550058901309967,NA
2012,NA,TNA,diciembre2012.sav,400000,0.5972103476524353,NA
2011,NA,TNA,diciembre2011.sav,190000,0.5796495079994202,NA
2017,NA,TNA,Junio2017.sav,500000,0.6613757610321045,NA
2011,NA,TNA,septiembre2011.sav,120000,0.5689879059791565,NA
2020,NA,TNA,Marzo2020.sav,350000,0.5601732134819031,NA
2014,NA,TNA,Diciembre2014.sav,400000,0.6248694062232971,NA
2017,NA,TNA,Marzo2017.sav,500000,0.6325675845146179,NA
2008,NA,TNA,septiembre2008.sav,200000,0.5581409931182861,NA
2019,NA,TNA,Diciembre2019.sav,750000,0.6615179181098938,NA
2013,NA,TNA,septiembre2013.sav,400000,0.5971465706825256,NA
2017,NA,TNA,Junio2017.sav,450000,0.6613757610321045,NA
2009,NA,TNA,septiembre2009.sav,250000,0.5532302260398865,NA
2021,NA,TNA,Base_web_Junio2021s.sav,190000,1,NA
2017,NA,TNA,Junio2017.sav,0,0.6613757610321045,NA
2017,NA,TNA,Marzo2017.sav,750000,0.6325675845146179,NA
2015,NA,TNA,Junio2015.sav,400000,0.6414608359336853,NA
2013,NA,TNA,septiembre2013.sav,260000,0.5971465706825256,NA
2008,NA,TNA,junio2008.sav,500000,0.5607762336730957,NA
2009,NA,TNA,septiembre2009.sav,174000,0.5532302260398865,NA
2011,NA,TNA,junio2011.sav,180000,0.5633636116981506,NA
2019,NA,TNA,Diciembre2019.sav,330000,0.6615179181098938,NA
2014,NA,TNA,septiembre2014.sav,210000,0.6223031878471375,NA
2016,NA,TNA,Marzo2016.sav,400000,0.6293061971664429,NA
2017,NA,TNA,Marzo2017.sav,200000,0.6325675845146179,NA
2015,NA,TNA,Diciembre2015.sav,340000,0.622811496257782,NA
2020,NA,TNA,Marzo2020.sav,300000,0.5601732134819031,NA
2014,NA,TNA,Diciembre2014.sav,200000,0.6248694062232971,NA
2021,NA,TNA,Base_web_Septiembre2021.sav,500000,1,NA
2014,NA,TNA,septiembre2014.sav,0,0.6223031878471375,NA
2010,NA,TNA,septiembre2010.sav,200000,0.550058901309967,NA
2008,NA,TNA,junio2008.sav,70000,0.5607762336730957,NA
2019,NA,TNA,Marzo2019.sav,300000,0.6635043621063232,NA
2009,NA,TNA,junio2009.sav,159000,0.5482271909713745,NA
2016,NA,TNA,Marzo2016.sav,99999999,0.6293061971664429,NA
2010,NA,TNA,marzo2010.sav,230000,0.5535104274749756,NA
2017,NA,TNA,Junio2017.sav,600000,0.6613757610321045,NA
2008,NA,TNA,marzo2008.sav,200000,0.5564092397689819,NA
2016,NA,TNA,Marzo2016.sav,900000,0.6293061971664429,NA
2019,NA,TNA,Diciembre2019.sav,550000,0.6615179181098938,NA
2009,NA,TNA,junio2009.sav,600000,0.5482271909713745,NA
2017,NA,TNA,Marzo2017.sav,800000,0.6325675845146179,NA
2022,NA,TNA,Diciembre2022.sav,700000,1,NA
2012,NA,TNA,marzo2012.sav,1000000,0.5810152292251587,NA
2010,NA,TNA,septiembre2010.sav,225000,0.550058901309967,NA
2015,NA,TNA,Junio2015.sav,180000,0.6414608359336853,NA
2015,NA,TNA,Diciembre2015.sav,350000,0.622811496257782,NA
2015,NA,TNA,Septiembre2015.sav,300000,0.6205511689186096,NA
2014,NA,TNA,Diciembre2014.sav,100000000,0.6248694062232971,NA
2013,NA,TNA,diciembre2013.sav,193000,0.6033506989479065,NA
2013,NA,TNA,diciembre2013.sav,220000,0.6033506989479065,NA
2012,NA,TNA,marzo2012.sav,230000,0.5810152292251587,NA
2019,NA,TNA,Junio2019.sav,600000,0.6869522333145142,NA
2017,NA,TNA,Septiembre2017.sav,84000,0.6524633169174194,NA
2009,NA,TNA,marzo2009.sav,160000,0.5485936403274536,NA
2017,NA,TNA,Marzo2017.sav,3900000,0.6325675845146179,NA
2008,NA,TNA,septiembre2008.sav,150000,0.5581409931182861,NA
2018,NA,TNA,Marzo2018.sav,7000000,0.652150571346283,NA
2013,NA,TNA,septiembre2013.sav,360000,0.5971465706825256,NA
2019,NA,TNA,Marzo2019.sav,560000,0.6635043621063232,NA
2017,NA,TNA,Marzo2017.sav,800000,0.6325675845146179,NA
2013,NA,TNA,junio2013.sav,1400000,0.608673095703125,NA
2013,NA,TNA,diciembre2013.sav,200000,0.6033506989479065,NA
2010,NA,TNA,marzo2010.sav,150000,0.5535104274749756,NA
2019,NA,TNA,Marzo2019.sav,540000,0.6635043621063232,NA
2017,NA,TNA,Septiembre2017.sav,100000,0.6524633169174194,NA
2019,NA,TNA,Junio2019.sav,600000,0.6869522333145142,NA
2014,NA,TNA,marzo2014.sav,380000,0.6119349002838135,NA
2021,NA,TNA,Base_web_Septiembre2021.sav,50000,1,NA
2019,NA,TNA,Septiembre2019.sav,99999999,0.6634869575500488,NA
2020,NA,TNA,Base_web_Diciembre2020.sav,99999999,0.489356130361557,NA
2010,NA,TNA,junio2010.sav,165000,0.5534822344779968,NA
2016,NA,TNA,Marzo2016.sav,490000,0.6293061971664429,NA
2013,NA,TNA,junio2013.sav,220000,0.608673095703125,NA
2010,NA,TNA,septiembre2010.sav,99999999,0.550058901309967,NA
2013,NA,TNA,septiembre2013.sav,150000,0.5971465706825256,NA
2016,NA,TNA,Junio2016.sav,300000,0.6368113160133362,NA
2010,NA,TNA,septiembre2010.sav,280000,0.550058901309967,NA
2010,NA,TNA,junio2010.sav,200000,0.5534822344779968,NA
2016,NA,TNA,Junio2016.sav,400000,0.6368113160133362,NA
2009,NA,TNA,septiembre2009.sav,180000,0.5532302260398865,NA
2012,NA,TNA,junio2012.sav,224000,0.5873299837112427,NA
2010,NA,TNA,septiembre2010.sav,99999999,0.550058901309967,NA
2010,NA,TNA,marzo2010.sav,700000,0.5535104274749756,NA
2020,NA,TNA,Base_web_Septiembre2020.sav,250000,1,NA
2012,NA,TNA,diciembre2012.sav,280000,0.5972103476524353,NA
2008,NA,TNA,septiembre2008.sav,99999999,0.5581409931182861,NA
2013,NA,TNA,junio2013.sav,1600000,0.608673095703125,NA
2011,NA,TNA,junio2011.sav,260000,0.5633636116981506,NA
2019,NA,TNA,Diciembre2019.sav,200000,0.6615179181098938,NA
2015,NA,TNA,marzo2015.sav,1800000,0.6357578039169312,NA
2014,NA,TNA,marzo2014.sav,2000000,0.6119349002838135,NA
2013,NA,TNA,marzo2013.sav,100000,0.5976892709732056,NA
2010,NA,TNA,diciembre2010.sav,400000,0.5622066259384155,NA
2008,NA,TNA,diciembre2008.sav,250000,0.5353538990020752,NA
2017,NA,TNA,Junio2017.sav,700000,0.6613757610321045,NA
2011,NA,TNA,diciembre2011.sav,0,0.5796495079994202,NA
2009,NA,TNA,septiembre2009.sav,600000,0.5532302260398865,NA
2020,NA,TNA,Base_web_Diciembre2020.sav,300000,0.489356130361557,NA
2017,NA,TNA,Marzo2017.sav,0,0.6325675845146179,NA
2018,NA,TNA,Marzo2018.sav,0,0.652150571346283,NA
2010,NA,TNA,septiembre2010.sav,160000,0.550058901309967,NA
2008,NA,TNA,junio2008.sav,173000,0.5607762336730957,NA
2011,NA,TNA,septiembre2011.sav,350000,0.5689879059791565,NA
2021,NA,TNA,Base_web_Diciembre2021s.sav,1500000,1,NA
2012,NA,TNA,marzo2012.sav,400000,0.5810152292251587,NA
2020,NA,TNA,Marzo2020.sav,1800000,0.5601732134819031,NA
2012,NA,TNA,junio2012.sav,99999999,0.5873299837112427,NA
2011,NA,TNA,diciembre2011.sav,450000,0.5796495079994202,NA
2010,NA,TNA,diciembre2010.sav,240000,0.5622066259384155,NA
2012,NA,TNA,junio2012.sav,200000,0.5873299837112427,NA
2010,NA,TNA,diciembre2010.sav,90000,0.5622066259384155,NA
2012,NA,TNA,junio2012.sav,500000,0.5873299837112427,NA
2013,NA,TNA,diciembre2013.sav,172000,0.6033506989479065,NA
2021,NA,TNA,Base_web_Junio2021s.sav,0,1,NA
2009,NA,TNA,diciembre2009.sav,120000,0.5625781416893005,NA
2011,NA,TNA,diciembre2011.sav,80000,0.5796495079994202,NA
2008,NA,TNA,diciembre2008.sav,135000,0.5353538990020752,NA
2011,NA,TNA,septiembre2011.sav,250000,0.5689879059791565,NA
2011,NA,TNA,marzo2011.sav,500000,0.5766535997390747,NA
2010,NA,TNA,diciembre2010.sav,500000,0.5622066259384155,NA
2012,NA,TNA,diciembre2012.sav,1500000,0.5972103476524353,NA
2008,NA,TNA,junio2008.sav,180000,0.5607762336730957,NA
2013,NA,TNA,diciembre2013.sav,210000,0.6033506989479065,NA
2013,NA,TNA,septiembre2013.sav,250000,0.5971465706825256,NA
2009,NA,TNA,marzo2009.sav,159000,0.5485936403274536,NA
2012,NA,TNA,diciembre2012.sav,99999999,0.5972103476524353,NA
2012,NA,TNA,diciembre2012.sav,0,0.5972103476524353,NA
2009,NA,TNA,septiembre2009.sav,600000,0.5532302260398865,NA
2021,NA,TNA,Base_web_Diciembre2021s.sav,375000,1,NA
2013,NA,TNA,diciembre2013.sav,300000,0.6033506989479065,NA
2009,NA,TNA,junio2009.sav,220000,0.5482271909713745,NA
2015,NA,TNA,Septiembre2015.sav,350000,0.6205511689186096,NA
2012,NA,TNA,junio2012.sav,200000,0.5873299837112427,NA
2018,NA,TNA,Junio2018.sav,250000,0.6682984232902527,NA
2014,NA,TNA,Diciembre2014.sav,900000,0.6248694062232971,NA
2012,NA,TNA,diciembre2012.sav,700000,0.5972103476524353,NA
2012,NA,TNA,diciembre2012.sav,250000,0.5972103476524353,NA
2011,NA,TNA,diciembre2011.sav,300000,0.5796495079994202,NA
2015,NA,TNA,Junio2015.sav,350000,0.6414608359336853,NA
2016,NA,TNA,Junio2016.sav,250000,0.6368113160133362,NA
2020,NA,TNA,Marzo2020.sav,800000,0.5601732134819031,NA
2008,NA,TNA,septiembre2008.sav,25000,0.5581409931182861,NA
2017,NA,TNA,Diciembre2017.sav,400000,0.6388756632804871,NA
2017,NA,TNA,Junio2017.sav,650000,0.6613757610321045,NA
2019,NA,TNA,Septiembre2019.sav,99999999,0.6634869575500488,NA
2009,NA,TNA,septiembre2009.sav,3500000,0.5532302260398865,NA
2012,NA,TNA,marzo2012.sav,50000,0.5810152292251587,NA
2015,NA,TNA,Diciembre2015.sav,5000000,0.622811496257782,NA
2014,NA,TNA,junio2014.sav,300000,0.612048864364624,NA
2008,NA,TNA,diciembre2008.sav,99999999,0.5353538990020752,NA
2020,NA,TNA,Base_web_Diciembre2020.sav,99999999,0.489356130361557,NA
2009,NA,TNA,junio2009.sav,300000,0.5482271909713745,NA
2010,NA,TNA,marzo2010.sav,500000,0.5535104274749756,NA
2011,NA,TNA,marzo2011.sav,380000,0.5766535997390747,NA
2019,NA,TNA,Marzo2019.sav,500000,0.6635043621063232,NA
2016,NA,TNA,Marzo2016.sav,2000000,0.6293061971664429,NA
2014,NA,TNA,septiembre2014.sav,250000,0.6223031878471375,NA
2014,NA,TNA,junio2014.sav,350000,0.612048864364624,NA
2012,NA,TNA,septiembre2012.sav,800000,0.5957542061805725,NA
2019,NA,TNA,Septiembre2019.sav,301000,0.6634869575500488,NA
2012,NA,TNA,septiembre2012.sav,1000000,0.5957542061805725,NA
2011,NA,TNA,diciembre2011.sav,182000,0.5796495079994202,NA
2012,NA,TNA,septiembre2012.sav,200000,0.5957542061805725,NA
2015,NA,TNA,Diciembre2015.sav,2000000,0.622811496257782,NA
2013,NA,TNA,marzo2013.sav,550000,0.5976892709732056,NA
2008,NA,TNA,marzo2008.sav,220000,0.5564092397689819,NA
2012,NA,TNA,septiembre2012.sav,400000,0.5957542061805725,NA
2017,NA,TNA,Septiembre2017.sav,99999999,0.6524633169174194,NA
2015,NA,TNA,Septiembre2015.sav,350000,0.6205511689186096,NA
2021,NA,TNA,Base_web_Diciembre2021s.sav,600000,1,NA
2019,NA,TNA,Diciembre2019.sav,150000,0.6615179181098938,NA
2008,NA,TNA,diciembre2008.sav,600000,0.5353538990020752,NA
2015,NA,TNA,Diciembre2015.sav,280000,0.622811496257782,NA
2015,NA,TNA,Septiembre2015.sav,500000,0.6205511689186096,NA
2015,NA,TNA,Diciembre2015.sav,210000,0.622811496257782,NA
2008,NA,TNA,junio2008.sav,1500000,0.5607762336730957,NA
2015,NA,TNA,Diciembre2015.sav,250000,0.622811496257782,NA
2008,NA,TNA,junio2008.sav,200000,0.5607762336730957,NA
2010,NA,TNA,septiembre2010.sav,140000,0.550058901309967,NA
2016,NA,TNA,Marzo2016.sav,260000,0.6293061971664429,NA
2020,NA,TNA,Marzo2020.sav,290000,0.5601732134819031,NA
2013,NA,TNA,septiembre2013.sav,190000,0.5971465706825256,NA
2017,NA,TNA,Marzo2017.sav,280000,0.6325675845146179,NA
2019,NA,TNA,Junio2019.sav,500000,0.6869522333145142,NA
2013,NA,TNA,marzo2013.sav,250000,0.5976892709732056,NA
2015,NA,TNA,Septiembre2015.sav,99999999,0.6205511689186096,NA
2016,NA,TNA,Septiembre2016.sav,500000,0.6386399269104004,NA
2010,NA,TNA,septiembre2010.sav,99999999,0.550058901309967,NA
2016,NA,TNA,Septiembre2016.sav,1100000,0.6386399269104004,NA
2009,NA,TNA,junio2009.sav,170000,0.5482271909713745,NA
2015,NA,TNA,Septiembre2015.sav,250000,0.6205511689186096,NA
2011,NA,TNA,diciembre2011.sav,0,0.5796495079994202,NA
2015,NA,TNA,Septiembre2015.sav,300000,0.6205511689186096,NA
2013,NA,TNA,junio2013.sav,120000,0.608673095703125,NA
2017,NA,TNA,Diciembre2017.sav,300000,0.6388756632804871,NA
2013,NA,TNA,junio2013.sav,500000,0.608673095703125,NA
2021,NA,TNA,Base_web_Junio2021s.sav,900000,1,NA
2013,NA,TNA,diciembre2013.sav,200000,0.6033506989479065,NA
2014,NA,TNA,junio2014.sav,800000,0.612048864364624,NA
2012,NA,TNA,junio2012.sav,270000,0.5873299837112427,NA
2022,NA,TNA,Base_web_Marzo2022.sav,99999999,1,NA
2015,NA,TNA,marzo2015.sav,1000000,0.6357578039169312,NA
2016,NA,TNA,Junio2016.sav,320000,0.6368113160133362,NA
2011,NA,TNA,diciembre2011.sav,4000000,0.5796495079994202,NA
2016,NA,TNA,Septiembre2016.sav,1200000,0.6386399269104004,NA
2014,NA,TNA,junio2014.sav,200000,0.612048864364624,NA
2011,NA,TNA,junio2011.sav,220000,0.5633636116981506,NA
2018,NA,TNA,Marzo2018.sav,1000000,0.652150571346283,NA
2010,NA,TNA,septiembre2010.sav,280000,0.550058901309967,NA
2014,NA,TNA,marzo2014.sav,320000,0.6119349002838135,NA
2016,NA,TNA,Septiembre2016.sav,900000,0.6386399269104004,NA
2017,NA,TNA,Junio2017.sav,300000,0.6613757610321045,NA
2021,NA,TNA,Base_web_Septiembre2021.sav,400000,1,NA
2009,NA,TNA,junio2009.sav,200000,0.5482271909713745,NA
2020,NA,TNA,Marzo2020.sav,160000,0.5601732134819031,NA
2021,NA,TNA,Base_web_Diciembre2021s.sav,200000,1,NA
2009,NA,TNA,marzo2009.sav,250000,0.5485936403274536,NA
2017,NA,TNA,Diciembre2017.sav,510000,0.6388756632804871,NA
2016,NA,TNA,Marzo2016.sav,300000,0.6293061971664429,NA
2015,NA,TNA,Septiembre2015.sav,400000,0.6205511689186096,NA
2012,NA,TNA,junio2012.sav,800000,0.5873299837112427,NA
2015,NA,TNA,marzo2015.sav,450000,0.6357578039169312,NA
2013,NA,TNA,septiembre2013.sav,200000,0.5971465706825256,NA
2011,NA,TNA,marzo2011.sav,500000,0.5766535997390747,NA
2018,NA,TNA,Junio2018.sav,280000,0.6682984232902527,NA
2021,NA,TNA,Base_web_Diciembre2021s.sav,360000,1,NA
2020,NA,TNA,Junio2020.sav,0,1,NA
2008,NA,TNA,septiembre2008.sav,600000,0.5581409931182861,NA
2020,NA,TNA,Junio2020.sav,480000,1,NA
2015,NA,TNA,Septiembre2015.sav,80000,0.6205511689186096,NA
2018,NA,TNA,Marzo2018.sav,276000,0.652150571346283,NA
2017,NA,TNA,Diciembre2017.sav,99999999,0.6388756632804871,NA
2019,NA,TNA,Septiembre2019.sav,540000,0.6634869575500488,NA
2011,NA,TNA,septiembre2011.sav,0,0.5689879059791565,NA
2019,NA,TNA,Septiembre2019.sav,350000,0.6634869575500488,NA
2012,NA,TNA,junio2012.sav,260000,0.5873299837112427,NA
2018,NA,TNA,Marzo2018.sav,200000,0.652150571346283,NA
2020,NA,TNA,Marzo2020.sav,250000,0.5601732134819031,NA
2015,NA,TNA,Diciembre2015.sav,150000,0.622811496257782,NA
2017,NA,TNA,Diciembre2017.sav,210000,0.6388756632804871,NA
2017,NA,TNA,Junio2017.sav,300000,0.6613757610321045,NA
2012,NA,TNA,septiembre2012.sav,3500000,0.5957542061805725,NA
2017,NA,TNA,Septiembre2017.sav,600000,0.6524633169174194,NA
2014,NA,TNA,marzo2014.sav,250000,0.6119349002838135,NA
2009,NA,TNA,septiembre2009.sav,300000,0.5532302260398865,NA
2020,NA,TNA,Base_web_Septiembre2020.sav,99999999,1,NA
2021,NA,TNA,Base_web_Septiembre2021.sav,500000,1,NA
2010,NA,TNA,junio2010.sav,0,0.5534822344779968,NA
2013,NA,TNA,junio2013.sav,400000,0.608673095703125,NA
2008,NA,TNA,marzo2008.sav,450000,0.5564092397689819,NA
2014,NA,TNA,marzo2014.sav,200000,0.6119349002838135,NA
2013,NA,TNA,marzo2013.sav,450000,0.5976892709732056,NA
2013,NA,TNA,junio2013.sav,400000,0.608673095703125,NA
2011,NA,TNA,marzo2011.sav,99999999,0.5766535997390747,NA
2018,NA,TNA,Marzo2018.sav,600000,0.652150571346283,NA
2014,NA,TNA,Diciembre2014.sav,450000,0.6248694062232971,NA
2019,NA,TNA,Marzo2019.sav,600000,0.6635043621063232,NA
2011,NA,TNA,diciembre2011.sav,180000,0.5796495079994202,NA
2009,NA,TNA,marzo2009.sav,300000,0.5485936403274536,NA
2008,NA,TNA,junio2008.sav,140000,0.5607762336730957,NA
2015,NA,TNA,Junio2015.sav,1000000,0.6414608359336853,NA
2015,NA,TNA,Junio2015.sav,480000,0.6414608359336853,NA
2010,NA,TNA,marzo2010.sav,700000,0.5535104274749756,NA
2008,NA,TNA,diciembre2008.sav,520000,0.5353538990020752,NA
2021,NA,TNA,Base_web_Junio2021s.sav,500000,1,NA
2011,NA,TNA,septiembre2011.sav,400000,0.5689879059791565,NA
2018,NA,TNA,Junio2018.sav,400000,0.6682984232902527,NA
2022,NA,TNA,Diciembre2022.sav,500000,1,NA
2017,NA,TNA,Junio2017.sav,420000,0.6613757610321045,NA
2019,NA,TNA,Marzo2019.sav,550000,0.6635043621063232,NA
2008,NA,TNA,junio2008.sav,300000,0.5607762336730957,NA
2012,NA,TNA,diciembre2012.sav,700000,0.5972103476524353,NA
2008,NA,TNA,junio2008.sav,150000,0.5607762336730957,NA
2010,NA,TNA,diciembre2010.sav,800000,0.5622066259384155,NA
2016,NA,TNA,Junio2016.sav,340000,0.6368113160133362,NA
2013,NA,TNA,diciembre2013.sav,300000,0.6033506989479065,NA
2012,NA,TNA,septiembre2012.sav,4500000,0.5957542061805725,NA
2013,NA,TNA,septiembre2013.sav,2700000,0.5971465706825256,NA
2014,NA,TNA,septiembre2014.sav,450000,0.6223031878471375,NA
2020,NA,TNA,Marzo2020.sav,99999999,0.5601732134819031,NA
2009,NA,TNA,diciembre2009.sav,155000,0.5625781416893005,NA
2009,NA,TNA,marzo2009.sav,60000,0.5485936403274536,NA
2011,NA,TNA,junio2011.sav,270000,0.5633636116981506,NA
2020,NA,TNA,Base_web_Diciembre2020.sav,200000,0.489356130361557,NA
2009,NA,TNA,septiembre2009.sav,250000,0.5532302260398865,NA
2019,NA,TNA,Marzo2019.sav,560000,0.6635043621063232,NA
2010,NA,TNA,diciembre2010.sav,300000,0.5622066259384155,NA
2009,NA,TNA,marzo2009.sav,160000,0.5485936403274536,NA
2009,NA,TNA,diciembre2009.sav,200000,0.5625781416893005,NA
2013,NA,TNA,junio2013.sav,400000,0.608673095703125,NA
2018,NA,TNA,Marzo2018.sav,200000,0.652150571346283,NA
2022,NA,TNA,Base_web_Septiembre2022.sav,3000000,1,NA
2019,NA,TNA,Junio2019.sav,0,0.6869522333145142,NA
2010,NA,TNA,septiembre2010.sav,130000,0.550058901309967,NA
2020,NA,TNA,Base_web_Diciembre2020.sav,450000,0.489356130361557,NA
2021,NA,TNA,Base_web_Septiembre2021.sav,500000,1,NA
2012,NA,TNA,septiembre2012.sav,250000,0.5957542061805725,NA
2012,NA,TNA,septiembre2012.sav,200000,0.5957542061805725,NA
2009,NA,TNA,junio2009.sav,320000,0.5482271909713745,NA
2017,NA,TNA,Diciembre2017.sav,0,0.6388756632804871,NA
2015,NA,TNA,Junio2015.sav,225000,0.6414608359336853,NA
2015,NA,TNA,Septiembre2015.sav,300000,0.6205511689186096,NA
2015,NA,TNA,Junio2015.sav,300000,0.6414608359336853,NA
2010,NA,TNA,junio2010.sav,200000,0.5534822344779968,NA
2014,NA,TNA,septiembre2014.sav,360000,0.6223031878471375,NA
2017,NA,TNA,Diciembre2017.sav,700000,0.6388756632804871,NA
2015,NA,TNA,Junio2015.sav,350000,0.6414608359336853,NA
2013,NA,TNA,junio2013.sav,240000,0.608673095703125,NA
2016,NA,TNA,Septiembre2016.sav,750000,0.6386399269104004,NA
2012,NA,TNA,septiembre2012.sav,350000,0.5957542061805725,NA
2011,NA,TNA,diciembre2011.sav,1500000,0.5796495079994202,NA
2019,NA,TNA,Diciembre2019.sav,309000,0.6615179181098938,NA
2017,NA,TNA,Junio2017.sav,500000,0.6613757610321045,NA
2011,NA,TNA,septiembre2011.sav,900000,0.5689879059791565,NA
2008,NA,TNA,diciembre2008.sav,2000000,0.5353538990020752,NA
2019,NA,TNA,Junio2019.sav,1100000,0.6869522333145142,NA
2009,NA,TNA,diciembre2009.sav,600000,0.5625781416893005,NA
2008,NA,TNA,junio2008.sav,300000,0.5607762336730957,NA
2012,NA,TNA,septiembre2012.sav,500000,0.5957542061805725,NA
2014,NA,TNA,junio2014.sav,210000,0.612048864364624,NA
2015,NA,TNA,Diciembre2015.sav,250000,0.622811496257782,NA
2020,NA,TNA,Base_web_Diciembre2020.sav,0,0.489356130361557,NA
2008,NA,TNA,marzo2008.sav,220000,0.5564092397689819,NA
2022,NA,TNA,Base_web_Septiembre2022.sav,1000000,1,NA
2009,NA,TNA,junio2009.sav,200000,0.5482271909713745,NA
2013,NA,TNA,diciembre2013.sav,450000,0.6033506989479065,NA
2020,NA,TNA,Marzo2020.sav,450000,0.5601732134819031,NA
2011,NA,TNA,diciembre2011.sav,150000,0.5796495079994202,NA
2020,NA,TNA,Marzo2020.sav,0,0.5601732134819031,NA
2010,NA,TNA,junio2010.sav,165000,0.5534822344779968,NA
2017,NA,TNA,Diciembre2017.sav,300000,0.6388756632804871,NA
2019,NA,TNA,Septiembre2019.sav,400000,0.6634869575500488,NA
2010,NA,TNA,junio2010.sav,160000,0.5534822344779968,NA
2013,NA,TNA,marzo2013.sav,300000,0.5976892709732056,NA
2016,NA,TNA,Septiembre2016.sav,3000000,0.6386399269104004,NA
2021,NA,TNA,Base_web_Junio2021s.sav,1300000,1,NA
2010,NA,TNA,septiembre2010.sav,240000,0.550058901309967,NA
2020,NA,TNA,Marzo2020.sav,450000,0.5601732134819031,NA
2013,NA,TNA,diciembre2013.sav,340000,0.6033506989479065,NA
2012,NA,TNA,septiembre2012.sav,1500000,0.5957542061805725,NA
2021,NA,TNA,Base_web_Junio2021s.sav,99999999,1,NA
2012,NA,TNA,junio2012.sav,800000,0.5873299837112427,NA
2009,NA,TNA,septiembre2009.sav,250000,0.5532302260398865,NA
2012,NA,TNA,septiembre2012.sav,500000,0.5957542061805725,NA
2013,NA,TNA,marzo2013.sav,1500000,0.5976892709732056,NA
2018,NA,TNA,Junio2018.sav,830000,0.6682984232902527,NA
2017,NA,TNA,Junio2017.sav,0,0.6613757610321045,NA
2016,NA,TNA,Septiembre2016.sav,900000,0.6386399269104004,NA
2016,NA,TNA,Marzo2016.sav,99999999,0.6293061971664429,NA
2017,NA,TNA,Diciembre2017.sav,1800000,0.6388756632804871,NA
2019,NA,TNA,Diciembre2019.sav,150000,0.6615179181098938,NA
2019,NA,TNA,Diciembre2019.sav,1100000,0.6615179181098938,NA
2017,NA,TNA,Junio2017.sav,600000,0.6613757610321045,NA
2008,NA,TNA,junio2008.sav,480000,0.5607762336730957,NA
2010,NA,TNA,diciembre2010.sav,100000,0.5622066259384155,NA
2013,NA,TNA,junio2013.sav,300000,0.608673095703125,NA
2010,NA,TNA,marzo2010.sav,220000,0.5535104274749756,NA
2015,NA,TNA,Junio2015.sav,450000,0.6414608359336853,NA
2017,NA,TNA,Junio2017.sav,2500000,0.6613757610321045,NA
2014,NA,TNA,Diciembre2014.sav,200000,0.6248694062232971,NA
2008,NA,TNA,septiembre2008.sav,200000,0.5581409931182861,NA
2009,NA,TNA,marzo2009.sav,99999999,0.5485936403274536,NA
2021,NA,TNA,Base_web_Diciembre2021s.sav,340000,1,NA
2013,NA,TNA,septiembre2013.sav,300000,0.5971465706825256,NA
2010,NA,TNA,marzo2010.sav,270000,0.5535104274749756,NA
2015,NA,TNA,marzo2015.sav,6000000,0.6357578039169312,NA
2014,NA,TNA,Diciembre2014.sav,100000,0.6248694062232971,NA
2009,NA,TNA,diciembre2009.sav,165000,0.5625781416893005,NA
2014,NA,TNA,Diciembre2014.sav,120000,0.6248694062232971,NA
2009,NA,TNA,junio2009.sav,150000,0.5482271909713745,NA
2014,NA,TNA,junio2014.sav,450000,0.612048864364624,NA
2015,NA,TNA,Septiembre2015.sav,360000,0.6205511689186096,NA
2020,NA,TNA,Base_web_Diciembre2020.sav,364000,0.489356130361557,NA
2020,NA,TNA,Marzo2020.sav,600000,0.5601732134819031,NA
2013,NA,TNA,marzo2013.sav,200000,0.5976892709732056,NA
2014,NA,TNA,Diciembre2014.sav,350000,0.6248694062232971,NA
2010,NA,TNA,junio2010.sav,500000,0.5534822344779968,NA
2014,NA,TNA,marzo2014.sav,650000,0.6119349002838135,NA
2014,NA,TNA,marzo2014.sav,290000,0.6119349002838135,NA
2010,NA,TNA,junio2010.sav,0,0.5534822344779968,NA
2009,NA,TNA,septiembre2009.sav,150000,0.5532302260398865,NA
2020,NA,TNA,Base_web_Septiembre2020.sav,350000,1,NA
2019,NA,TNA,Marzo2019.sav,1000000,0.6635043621063232,NA
2012,NA,TNA,marzo2012.sav,300000,0.5810152292251587,NA
2012,NA,TNA,diciembre2012.sav,99999999,0.5972103476524353,NA
2013,NA,TNA,junio2013.sav,320000,0.608673095703125,NA
2013,NA,TNA,junio2013.sav,750000,0.608673095703125,NA
2018,NA,TNA,Marzo2018.sav,500000,0.652150571346283,NA
2015,NA,TNA,Diciembre2015.sav,500000,0.622811496257782,NA
2012,NA,TNA,septiembre2012.sav,193000,0.5957542061805725,NA
2019,NA,TNA,Marzo2019.sav,280000,0.6635043621063232,NA
2015,NA,TNA,marzo2015.sav,300000,0.6357578039169312,NA
2010,NA,TNA,marzo2010.sav,99999999,0.5535104274749756,NA
2009,NA,TNA,marzo2009.sav,225000,0.5485936403274536,NA
2009,NA,TNA,septiembre2009.sav,180000,0.5532302260398865,NA
2016,NA,TNA,Septiembre2016.sav,150000,0.6386399269104004,NA
2019,NA,TNA,Junio2019.sav,1500000,0.6869522333145142,NA
2017,NA,TNA,Diciembre2017.sav,300000,0.6388756632804871,NA
2017,NA,TNA,Junio2017.sav,99999999,0.6613757610321045,NA
2020,NA,TNA,Marzo2020.sav,50000,0.5601732134819031,NA
2014,NA,TNA,septiembre2014.sav,100000,0.6223031878471375,NA
2011,NA,TNA,diciembre2011.sav,400000,0.5796495079994202,NA
2011,NA,TNA,diciembre2011.sav,500000,0.5796495079994202,NA
2014,NA,TNA,junio2014.sav,1100000,0.612048864364624,NA
2011,NA,TNA,septiembre2011.sav,135000,0.5689879059791565,NA
2020,NA,TNA,Base_web_Diciembre2020.sav,350000,0.489356130361557,NA
2015,NA,TNA,Septiembre2015.sav,300000,0.6205511689186096,NA
2014,NA,TNA,marzo2014.sav,600000,0.6119349002838135,NA
2017,NA,TNA,Marzo2017.sav,400000,0.6325675845146179,NA
2018,NA,TNA,Junio2018.sav,99999999,0.6682984232902527,NA
2012,NA,TNA,junio2012.sav,350000,0.5873299837112427,NA
2010,NA,TNA,junio2010.sav,99999999,0.5534822344779968,NA
2019,NA,TNA,Marzo2019.sav,250000,0.6635043621063232,NA
2021,NA,TNA,Base_web_Diciembre2021s.sav,1200000,1,NA
2019,NA,TNA,Septiembre2019.sav,400000,0.6634869575500488,NA
2009,NA,TNA,diciembre2009.sav,300000,0.5625781416893005,NA
2009,NA,TNA,diciembre2009.sav,200000,0.5625781416893005,NA
2009,NA,TNA,marzo2009.sav,180000,0.5485936403274536,NA
2012,NA,TNA,diciembre2012.sav,180000,0.5972103476524353,NA
2013,NA,TNA,septiembre2013.sav,600000,0.5971465706825256,NA
2019,NA,TNA,Septiembre2019.sav,0,0.6634869575500488,NA
2022,NA,TNA,Base_web_Marzo2022.sav,99999999,1,NA
2013,NA,TNA,septiembre2013.sav,99999999,0.5971465706825256,NA
2011,NA,TNA,marzo2011.sav,260000,0.5766535997390747,NA
2017,NA,TNA,Marzo2017.sav,500000,0.6325675845146179,NA
2009,NA,TNA,diciembre2009.sav,600000,0.5625781416893005,NA
2017,NA,TNA,Diciembre2017.sav,275000,0.6388756632804871,NA
2009,NA,TNA,diciembre2009.sav,0,0.5625781416893005,NA
2013,NA,TNA,septiembre2013.sav,200000,0.5971465706825256,NA
2010,NA,TNA,marzo2010.sav,250000,0.5535104274749756,NA
2017,NA,TNA,Marzo2017.sav,2200000,0.6325675845146179,NA
2011,NA,TNA,marzo2011.sav,180000,0.5766535997390747,NA
2008,NA,TNA,marzo2008.sav,170000,0.5564092397689819,NA
2019,NA,TNA,Septiembre2019.sav,400000,0.6634869575500488,NA
2014,NA,TNA,marzo2014.sav,99999999,0.6119349002838135,NA
2011,NA,TNA,junio2011.sav,190000,0.5633636116981506,NA
2017,NA,TNA,Marzo2017.sav,650000,0.6325675845146179,NA
2008,NA,TNA,junio2008.sav,160000,0.5607762336730957,NA
2018,NA,TNA,Marzo2018.sav,276000,0.652150571346283,NA
2011,NA,TNA,septiembre2011.sav,450000,0.5689879059791565,NA
2015,NA,TNA,Junio2015.sav,1100000,0.6414608359336853,NA
2012,NA,TNA,diciembre2012.sav,270000,0.5972103476524353,NA
2010,NA,TNA,junio2010.sav,150000,0.5534822344779968,NA
2022,NA,TNA,Diciembre2022.sav,500000,1,NA
2020,NA,TNA,Marzo2020.sav,99999999,0.5601732134819031,NA
2014,NA,TNA,junio2014.sav,240000,0.612048864364624,NA
2016,NA,TNA,Septiembre2016.sav,1300000,0.6386399269104004,NA
2013,NA,TNA,diciembre2013.sav,300000,0.6033506989479065,NA
2019,NA,TNA,Marzo2019.sav,3000000,0.6635043621063232,NA
2010,NA,TNA,marzo2010.sav,250000,0.5535104274749756,NA
2015,NA,TNA,Diciembre2015.sav,300000,0.622811496257782,NA
2009,NA,TNA,junio2009.sav,99999999,0.5482271909713745,NA
2014,NA,TNA,Diciembre2014.sav,500000,0.6248694062232971,NA
2009,NA,TNA,diciembre2009.sav,600000,0.5625781416893005,NA
2016,NA,TNA,Septiembre2016.sav,300000,0.6386399269104004,NA
2020,NA,TNA,Junio2020.sav,320000,1,NA
2014,NA,TNA,junio2014.sav,300000,0.612048864364624,NA
2016,NA,TNA,Marzo2016.sav,0,0.6293061971664429,NA
2021,NA,TNA,Base_web_Junio2021s.sav,980000,1,NA
2017,NA,TNA,Septiembre2017.sav,220000,0.6524633169174194,NA
2019,NA,TNA,Septiembre2019.sav,120000,0.6634869575500488,NA
2010,NA,TNA,marzo2010.sav,200000,0.5535104274749756,NA
2012,NA,TNA,septiembre2012.sav,300000,0.5957542061805725,NA
2008,NA,TNA,junio2008.sav,100000,0.5607762336730957,NA
2022,NA,TNA,Base_web_Septiembre2022.sav,1530000,1,NA
2012,NA,TNA,diciembre2012.sav,270000,0.5972103476524353,NA
2011,NA,TNA,diciembre2011.sav,180000,0.5796495079994202,NA
2019,NA,TNA,Septiembre2019.sav,1000000,0.6634869575500488,NA
2020,NA,TNA,Base_web_Diciembre2020.sav,500000,0.489356130361557,NA
2011,NA,TNA,marzo2011.sav,99999999,0.5766535997390747,NA
2015,NA,TNA,Junio2015.sav,220000,0.6414608359336853,NA
2013,NA,TNA,junio2013.sav,200000,0.608673095703125,NA
2014,NA,TNA,marzo2014.sav,300000,0.6119349002838135,NA
2019,NA,TNA,Marzo2019.sav,480000,0.6635043621063232,NA
2021,NA,TNA,Base_web_Junio2021s.sav,300000,1,NA
2009,NA,TNA,junio2009.sav,250000,0.5482271909713745,NA
2015,NA,TNA,Junio2015.sav,200000,0.6414608359336853,NA
2019,NA,TNA,Septiembre2019.sav,450000,0.6634869575500488,NA
2019,NA,TNA,Junio2019.sav,400000,0.6869522333145142,NA
2015,NA,TNA,marzo2015.sav,1800000,0.6357578039169312,NA
2014,NA,TNA,marzo2014.sav,800000,0.6119349002838135,NA
2017,NA,TNA,Diciembre2017.sav,2000000,0.6388756632804871,NA
2008,NA,TNA,septiembre2008.sav,180000,0.5581409931182861,NA
2017,NA,TNA,Diciembre2017.sav,99999999,0.6388756632804871,NA
2013,NA,TNA,junio2013.sav,193000,0.608673095703125,NA
2008,NA,TNA,diciembre2008.sav,150000,0.5353538990020752,NA
2013,NA,TNA,marzo2013.sav,600000,0.5976892709732056,NA
2013,NA,TNA,marzo2013.sav,0,0.5976892709732056,NA
2013,NA,TNA,septiembre2013.sav,260000,0.5971465706825256,NA
2014,NA,TNA,junio2014.sav,220000,0.612048864364624,NA
2009,NA,TNA,junio2009.sav,2500000,0.5482271909713745,NA
2010,NA,TNA,marzo2010.sav,230000,0.5535104274749756,NA
2017,NA,TNA,Junio2017.sav,350000,0.6613757610321045,NA
2019,NA,TNA,Marzo2019.sav,99999999,0.6635043621063232,NA
2009,NA,TNA,diciembre2009.sav,850000,0.5625781416893005,NA
2016,NA,TNA,Marzo2016.sav,250000,0.6293061971664429,NA
2010,NA,TNA,septiembre2010.sav,420000,0.550058901309967,NA
2019,NA,TNA,Septiembre2019.sav,700000,0.6634869575500488,NA
2016,NA,TNA,Septiembre2016.sav,99999999,0.6386399269104004,NA
2014,NA,TNA,Diciembre2014.sav,40000,0.6248694062232971,NA
2011,NA,TNA,junio2011.sav,1400000,0.5633636116981506,NA
2019,NA,TNA,Junio2019.sav,450000,0.6869522333145142,NA
2012,NA,TNA,septiembre2012.sav,2000000,0.5957542061805725,NA
2009,NA,TNA,septiembre2009.sav,250000,0.5532302260398865,NA
2018,NA,TNA,Junio2018.sav,99999999,0.6682984232902527,NA
2017,NA,TNA,Marzo2017.sav,300000,0.6325675845146179,NA
2014,NA,TNA,septiembre2014.sav,200000,0.6223031878471375,NA
2011,NA,TNA,marzo2011.sav,70000,0.5766535997390747,NA
2016,NA,TNA,Marzo2016.sav,450000,0.6293061971664429,NA
2019,NA,TNA,Septiembre2019.sav,200000,0.6634869575500488,NA
2009,NA,TNA,marzo2009.sav,200000,0.5485936403274536,NA
2017,NA,TNA,Diciembre2017.sav,0,0.6388756632804871,NA
2021,NA,TNA,Base_web_Junio2021s.sav,99999999,1,NA
2020,NA,TNA,Base_web_Diciembre2020.sav,279000,0.489356130361557,NA
2009,NA,TNA,marzo2009.sav,230000,0.5485936403274536,NA
2011,NA,TNA,junio2011.sav,2700000,0.5633636116981506,NA
2009,NA,TNA,septiembre2009.sav,450000,0.5532302260398865,NA
2017,NA,TNA,Septiembre2017.sav,500000,0.6524633169174194,NA
2013,NA,TNA,diciembre2013.sav,800000,0.6033506989479065,NA
2014,NA,TNA,junio2014.sav,360000,0.612048864364624,NA
2020,NA,TNA,Marzo2020.sav,380000,0.5601732134819031,NA
2012,NA,TNA,diciembre2012.sav,300000,0.5972103476524353,NA
2008,NA,TNA,marzo2008.sav,1000000,0.5564092397689819,NA
2015,NA,TNA,Junio2015.sav,600000,0.6414608359336853,NA
2013,NA,TNA,marzo2013.sav,580000,0.5976892709732056,NA
2014,NA,TNA,marzo2014.sav,220000,0.6119349002838135,NA
2011,NA,TNA,septiembre2011.sav,350000,0.5689879059791565,NA
2019,NA,TNA,Diciembre2019.sav,0,0.6615179181098938,NA
2018,NA,TNA,Junio2018.sav,50000,0.6682984232902527,NA
2013,NA,TNA,septiembre2013.sav,3000000,0.5971465706825256,NA
2011,NA,TNA,marzo2011.sav,300000,0.5766535997390747,NA
2014,NA,TNA,junio2014.sav,300000,0.612048864364624,NA
2019,NA,TNA,Septiembre2019.sav,99999999,0.6634869575500488,NA
2019,NA,TNA,Junio2019.sav,500000,0.6869522333145142,NA
2011,NA,TNA,diciembre2011.sav,320000,0.5796495079994202,NA
2019,NA,TNA,Diciembre2019.sav,170000,0.6615179181098938,NA
2009,NA,TNA,diciembre2009.sav,45000,0.5625781416893005,NA
2012,NA,TNA,marzo2012.sav,400000,0.5810152292251587,NA
2011,NA,TNA,diciembre2011.sav,200000,0.5796495079994202,NA
2008,NA,TNA,junio2008.sav,144000,0.5607762336730957,NA
2015,NA,TNA,Junio2015.sav,500000,0.6414608359336853,NA
2017,NA,TNA,Marzo2017.sav,300000,0.6325675845146179,NA
2015,NA,TNA,marzo2015.sav,300000,0.6357578039169312,NA
2017,NA,TNA,Diciembre2017.sav,485000,0.6388756632804871,NA
2009,NA,TNA,marzo2009.sav,240000,0.5485936403274536,NA
2011,NA,TNA,diciembre2011.sav,350000,0.5796495079994202,NA
2012,NA,TNA,junio2012.sav,100000,0.5873299837112427,NA
2013,NA,TNA,septiembre2013.sav,250000,0.5971465706825256,NA
2016,NA,TNA,Septiembre2016.sav,3000000,0.6386399269104004,NA
2015,NA,TNA,Septiembre2015.sav,380000,0.6205511689186096,NA
2008,NA,TNA,septiembre2008.sav,140000,0.5581409931182861,NA
2019,NA,TNA,Diciembre2019.sav,99999999,0.6615179181098938,NA
2022,NA,TNA,Diciembre2022.sav,560000,1,NA
2013,NA,TNA,diciembre2013.sav,200000,0.6033506989479065,NA
2014,NA,TNA,marzo2014.sav,300000,0.6119349002838135,NA
2008,NA,TNA,septiembre2008.sav,350000,0.5581409931182861,NA
2009,NA,TNA,septiembre2009.sav,250000,0.5532302260398865,NA
2018,NA,TNA,Marzo2018.sav,350000,0.652150571346283,NA
2008,NA,TNA,diciembre2008.sav,160000,0.5353538990020752,NA
2009,NA,TNA,septiembre2009.sav,300000,0.5532302260398865,NA
2016,NA,TNA,Septiembre2016.sav,200000,0.6386399269104004,NA
2013,NA,TNA,septiembre2013.sav,240000,0.5971465706825256,NA
2017,NA,TNA,Marzo2017.sav,0,0.6325675845146179,NA
2010,NA,TNA,septiembre2010.sav,150000,0.550058901309967,NA
2013,NA,TNA,septiembre2013.sav,550000,0.5971465706825256,NA
2014,NA,TNA,Diciembre2014.sav,100000000,0.6248694062232971,NA
2010,NA,TNA,junio2010.sav,99999999,0.5534822344779968,NA
2012,NA,TNA,diciembre2012.sav,500000,0.5972103476524353,NA
2008,NA,TNA,junio2008.sav,180000,0.5607762336730957,NA
2013,NA,TNA,septiembre2013.sav,900000,0.5971465706825256,NA
2009,NA,TNA,junio2009.sav,400000,0.5482271909713745,NA
2013,NA,TNA,junio2013.sav,400000,0.608673095703125,NA
2016,NA,TNA,Marzo2016.sav,280000,0.6293061971664429,NA
2009,NA,TNA,junio2009.sav,500000,0.5482271909713745,NA
2017,NA,TNA,Marzo2017.sav,290000,0.6325675845146179,NA
2017,NA,TNA,Junio2017.sav,240000,0.6613757610321045,NA
2016,NA,TNA,Junio2016.sav,2500000,0.6368113160133362,NA
2015,NA,TNA,marzo2015.sav,80000,0.6357578039169312,NA
2016,NA,TNA,Septiembre2016.sav,280000,0.6386399269104004,NA
2018,NA,TNA,Marzo2018.sav,0,0.652150571346283,NA
2015,NA,TNA,Junio2015.sav,200000,0.6414608359336853,NA
2014,NA,TNA,Diciembre2014.sav,100000000,0.6248694062232971,NA
2019,NA,TNA,Junio2019.sav,800000,0.6869522333145142,NA
2017,NA,TNA,Diciembre2017.sav,1360000,0.6388756632804871,NA
2010,NA,TNA,marzo2010.sav,99999999,0.5535104274749756,NA
2013,NA,TNA,septiembre2013.sav,900000,0.5971465706825256,NA
2009,NA,TNA,junio2009.sav,800000,0.5482271909713745,NA
2021,NA,TNA,Base_web_Septiembre2021.sav,99999999,1,NA
2010,NA,TNA,marzo2010.sav,200000,0.5535104274749756,NA
2008,NA,TNA,junio2008.sav,150000,0.5607762336730957,NA
2012,NA,TNA,septiembre2012.sav,600000,0.5957542061805725,NA
2013,NA,TNA,junio2013.sav,350000,0.608673095703125,NA
2012,NA,TNA,septiembre2012.sav,500000,0.5957542061805725,NA
2015,NA,TNA,Septiembre2015.sav,450000,0.6205511689186096,NA
2008,NA,TNA,diciembre2008.sav,60000,0.5353538990020752,NA
2017,NA,TNA,Junio2017.sav,300000,0.6613757610321045,NA
2010,NA,TNA,diciembre2010.sav,99999999,0.5622066259384155,NA
2020,NA,TNA,Junio2020.sav,200000,1,NA
2012,NA,TNA,diciembre2012.sav,580000,0.5972103476524353,NA
2013,NA,TNA,marzo2013.sav,300000,0.5976892709732056,NA
2017,NA,TNA,Marzo2017.sav,280000,0.6325675845146179,NA
2012,NA,TNA,junio2012.sav,500000,0.5873299837112427,NA
2020,NA,TNA,Marzo2020.sav,320000,0.5601732134819031,NA
2010,NA,TNA,diciembre2010.sav,320000,0.5622066259384155,NA
2021,NA,TNA,Base_web_Septiembre2021.sav,332000,1,NA
2020,NA,TNA,Marzo2020.sav,0,0.5601732134819031,NA
2021,NA,TNA,Base_web_Diciembre2021s.sav,800000,1,NA
2022,NA,TNA,Base_web_Septiembre2022.sav,350000,1,NA
2015,NA,TNA,marzo2015.sav,400000,0.6357578039169312,NA
2020,NA,TNA,Base_web_Septiembre2020.sav,4000000,1,NA
2018,NA,TNA,Marzo2018.sav,8500000,0.652150571346283,NA
2021,NA,TNA,Base_web_Septiembre2021.sav,0,1,NA
2011,NA,TNA,junio2011.sav,750000,0.5633636116981506,NA
2008,NA,TNA,diciembre2008.sav,100000,0.5353538990020752,NA
2018,NA,TNA,Marzo2018.sav,420000,0.652150571346283,NA
2009,NA,TNA,diciembre2009.sav,220000,0.5625781416893005,NA
2010,NA,TNA,septiembre2010.sav,180000,0.550058901309967,NA
2010,NA,TNA,marzo2010.sav,220000,0.5535104274749756,NA
2009,NA,TNA,diciembre2009.sav,250000,0.5625781416893005,NA
2018,NA,TNA,Junio2018.sav,280000,0.6682984232902527,NA
2016,NA,TNA,Septiembre2016.sav,300000,0.6386399269104004,NA
2019,NA,TNA,Septiembre2019.sav,99999999,0.6634869575500488,NA
2022,NA,TNA,Diciembre2022.sav,400000,1,NA
2021,NA,TNA,Base_web_Junio2021s.sav,50000,1,NA
2011,NA,TNA,marzo2011.sav,300000,0.5766535997390747,NA
2010,NA,TNA,septiembre2010.sav,160000,0.550058901309967,NA
2012,NA,TNA,marzo2012.sav,480000,0.5810152292251587,NA
2016,NA,TNA,Junio2016.sav,250000,0.6368113160133362,NA
2015,NA,TNA,Diciembre2015.sav,700000,0.622811496257782,NA
2014,NA,TNA,marzo2014.sav,650000,0.6119349002838135,NA
2019,NA,TNA,Septiembre2019.sav,99999999,0.6634869575500488,NA
2008,NA,TNA,junio2008.sav,150000,0.5607762336730957,NA
2021,NA,TNA,Base_web_Junio2021s.sav,99999999,1,NA
2022,NA,TNA,Base_web_Septiembre2022.sav,99999999,1,NA
2014,NA,TNA,junio2014.sav,200000,0.612048864364624,NA
2012,NA,TNA,marzo2012.sav,180000,0.5810152292251587,NA
2009,NA,TNA,junio2009.sav,99999999,0.5482271909713745,NA
2011,NA,TNA,junio2011.sav,350000,0.5633636116981506,NA
2013,NA,TNA,diciembre2013.sav,100000,0.6033506989479065,NA
2019,NA,TNA,Diciembre2019.sav,300000,0.6615179181098938,NA
2010,NA,TNA,marzo2010.sav,130000,0.5535104274749756,NA
2011,NA,TNA,junio2011.sav,174000,0.5633636116981506,NA
2016,NA,TNA,Septiembre2016.sav,99999999,0.6386399269104004,NA
2012,NA,TNA,junio2012.sav,280000,0.5873299837112427,NA
2020,NA,TNA,Marzo2020.sav,240000,0.5601732134819031,NA
2018,NA,TNA,Marzo2018.sav,700000,0.652150571346283,NA
2015,NA,TNA,Septiembre2015.sav,99999999,0.6205511689186096,NA
2020,NA,TNA,Base_web_Diciembre2020.sav,500000,0.489356130361557,NA
2010,NA,TNA,diciembre2010.sav,260000,0.5622066259384155,NA
2013,NA,TNA,septiembre2013.sav,500000,0.5971465706825256,NA
2022,NA,TNA,Base_web_Septiembre2022.sav,1200000,1,NA
2016,NA,TNA,Septiembre2016.sav,700000,0.6386399269104004,NA
2016,NA,TNA,Marzo2016.sav,260000,0.6293061971664429,NA
2018,NA,TNA,Marzo2018.sav,1200000,0.652150571346283,NA
2022,NA,TNA,Base_web_Marzo2022.sav,99999999,1,NA
2014,NA,TNA,septiembre2014.sav,1500000,0.6223031878471375,NA
2010,NA,TNA,marzo2010.sav,225000,0.5535104274749756,NA
2013,NA,TNA,junio2013.sav,250000,0.608673095703125,NA
2010,NA,TNA,diciembre2010.sav,480000,0.5622066259384155,NA
2009,NA,TNA,diciembre2009.sav,50000,0.5625781416893005,NA
2010,NA,TNA,marzo2010.sav,200000,0.5535104274749756,NA
2017,NA,TNA,Diciembre2017.sav,550000,0.6388756632804871,NA
2013,NA,TNA,septiembre2013.sav,600000,0.5971465706825256,NA
2015,NA,TNA,marzo2015.sav,450000,0.6357578039169312,NA
2008,NA,TNA,diciembre2008.sav,99999999,0.5353538990020752,NA
2015,NA,TNA,marzo2015.sav,400000,0.6357578039169312,NA
2009,NA,TNA,junio2009.sav,300000,0.5482271909713745,NA
2016,NA,TNA,Marzo2016.sav,500000,0.6293061971664429,NA
2010,NA,TNA,diciembre2010.sav,135000,0.5622066259384155,NA
2015,NA,TNA,Diciembre2015.sav,1000000,0.622811496257782,NA
2012,NA,TNA,junio2012.sav,350000,0.5873299837112427,NA
2010,NA,TNA,marzo2010.sav,250000,0.5535104274749756,NA
2020,NA,TNA,Base_web_Diciembre2020.sav,320000,0.489356130361557,NA
2019,NA,TNA,Junio2019.sav,500000,0.6869522333145142,NA
2009,NA,TNA,septiembre2009.sav,590000,0.5532302260398865,NA
2021,NA,TNA,Base_web_Junio2021s.sav,99999999,1,NA
2021,NA,TNA,Base_web_Septiembre2021.sav,99999999,1,NA
2011,NA,TNA,septiembre2011.sav,250000,0.5689879059791565,NA
2010,NA,TNA,diciembre2010.sav,500000,0.5622066259384155,NA
2013,NA,TNA,diciembre2013.sav,400000,0.6033506989479065,NA
2009,NA,TNA,junio2009.sav,190000,0.5482271909713745,NA
2013,NA,TNA,marzo2013.sav,196000,0.5976892709732056,NA
2011,NA,TNA,junio2011.sav,99999999,0.5633636116981506,NA
2010,NA,TNA,diciembre2010.sav,600000,0.5622066259384155,NA
2020,NA,TNA,Marzo2020.sav,280000,0.5601732134819031,NA
2008,NA,TNA,diciembre2008.sav,200000,0.5353538990020752,NA
2013,NA,TNA,junio2013.sav,400000,0.608673095703125,NA
2015,NA,TNA,marzo2015.sav,6000000,0.6357578039169312,NA
2019,NA,TNA,Septiembre2019.sav,300000,0.6634869575500488,NA
2015,NA,TNA,Diciembre2015.sav,550000,0.622811496257782,NA
2021,NA,TNA,Base_web_Junio2021s.sav,350000,1,NA
2017,NA,TNA,Marzo2017.sav,350000,0.6325675845146179,NA
2011,NA,TNA,septiembre2011.sav,200000,0.5689879059791565,NA
2021,NA,TNA,Base_web_Diciembre2021s.sav,400000,1,NA
2009,NA,TNA,marzo2009.sav,160000,0.5485936403274536,NA
2017,NA,TNA,Junio2017.sav,600000,0.6613757610321045,NA
2012,NA,TNA,septiembre2012.sav,130000,0.5957542061805725,NA
2011,NA,TNA,junio2011.sav,220000,0.5633636116981506,NA
2009,NA,TNA,marzo2009.sav,250000,0.5485936403274536,NA
2010,NA,TNA,marzo2010.sav,2000000,0.5535104274749756,NA
2012,NA,TNA,diciembre2012.sav,220000,0.5972103476524353,NA
2011,NA,TNA,diciembre2011.sav,180000,0.5796495079994202,NA
2010,NA,TNA,junio2010.sav,280000,0.5534822344779968,NA
2011,NA,TNA,marzo2011.sav,250000,0.5766535997390747,NA
2014,NA,TNA,junio2014.sav,210000,0.612048864364624,NA
2017,NA,TNA,Septiembre2017.sav,99999999,0.6524633169174194,NA
2011,NA,TNA,marzo2011.sav,300000,0.5766535997390747,NA
2019,NA,TNA,Marzo2019.sav,260000,0.6635043621063232,NA
2015,NA,TNA,Junio2015.sav,220000,0.6414608359336853,NA
2010,NA,TNA,marzo2010.sav,450000,0.5535104274749756,NA
2010,NA,TNA,marzo2010.sav,400000,0.5535104274749756,NA
2008,NA,TNA,junio2008.sav,120000,0.5607762336730957,NA
2010,NA,TNA,septiembre2010.sav,195000,0.550058901309967,NA
2017,NA,TNA,Junio2017.sav,99999999,0.6613757610321045,NA
2014,NA,TNA,junio2014.sav,220000,0.612048864364624,NA
2010,NA,TNA,diciembre2010.sav,200000,0.5622066259384155,NA
2009,NA,TNA,marzo2009.sav,300000,0.5485936403274536,NA
2012,NA,TNA,marzo2012.sav,200000,0.5810152292251587,NA
2016,NA,TNA,Marzo2016.sav,270000,0.6293061971664429,NA
2019,NA,TNA,Diciembre2019.sav,500000,0.6615179181098938,NA
2016,NA,TNA,Septiembre2016.sav,300000,0.6386399269104004,NA
2020,NA,TNA,Marzo2020.sav,0,0.5601732134819031,NA
2015,NA,TNA,Junio2015.sav,1400000,0.6414608359336853,NA
2017,NA,TNA,Septiembre2017.sav,267000,0.6524633169174194,NA
2020,NA,TNA,Base_web_Diciembre2020.sav,400000,0.489356130361557,NA
2015,NA,TNA,marzo2015.sav,220000,0.6357578039169312,NA
2014,NA,TNA,septiembre2014.sav,200000,0.6223031878471375,NA
2011,NA,TNA,junio2011.sav,400000,0.5633636116981506,NA
2013,NA,TNA,junio2013.sav,200000,0.608673095703125,NA
2019,NA,TNA,Junio2019.sav,400000,0.6869522333145142,NA
2020,NA,TNA,Marzo2020.sav,500000,0.5601732134819031,NA
2017,NA,TNA,Junio2017.sav,1000000,0.6613757610321045,NA
2017,NA,TNA,Septiembre2017.sav,0,0.6524633169174194,NA
2008,NA,TNA,septiembre2008.sav,280000,0.5581409931182861,NA
2014,NA,TNA,marzo2014.sav,800000,0.6119349002838135,NA
2021,NA,TNA,Base_web_Septiembre2021.sav,99999999,1,NA
2010,NA,TNA,junio2010.sav,200000,0.5534822344779968,NA
2020,NA,TNA,Base_web_Diciembre2020.sav,700000,0.489356130361557,NA
2008,NA,TNA,septiembre2008.sav,190000,0.5581409931182861,NA
2019,NA,TNA,Junio2019.sav,500000,0.6869522333145142,NA
2008,NA,TNA,septiembre2008.sav,150000,0.5581409931182861,NA
2008,NA,TNA,marzo2008.sav,140000,0.5564092397689819,NA
2014,NA,TNA,Diciembre2014.sav,320000,0.6248694062232971,NA
2013,NA,TNA,junio2013.sav,99999999,0.608673095703125,NA
2017,NA,TNA,Junio2017.sav,320000,0.6613757610321045,NA
2012,NA,TNA,septiembre2012.sav,180000,0.5957542061805725,NA
2011,NA,TNA,septiembre2011.sav,195000,0.5689879059791565,NA
2015,NA,TNA,Junio2015.sav,1200000,0.6414608359336853,NA
2008,NA,TNA,marzo2008.sav,500000,0.5564092397689819,NA
2010,NA,TNA,diciembre2010.sav,200000,0.5622066259384155,NA
2014,NA,TNA,septiembre2014.sav,240000,0.6223031878471375,NA
2016,NA,TNA,Septiembre2016.sav,400000,0.6386399269104004,NA
2013,NA,TNA,diciembre2013.sav,300000,0.6033506989479065,NA
2009,NA,TNA,diciembre2009.sav,160000,0.5625781416893005,NA
2014,NA,TNA,septiembre2014.sav,534000,0.6223031878471375,NA
2017,NA,TNA,Marzo2017.sav,600000,0.6325675845146179,NA
2017,NA,TNA,Septiembre2017.sav,330000,0.6524633169174194,NA
2008,NA,TNA,septiembre2008.sav,200000,0.5581409931182861,NA
2013,NA,TNA,junio2013.sav,99999999,0.608673095703125,NA
2015,NA,TNA,Junio2015.sav,750000,0.6414608359336853,NA
2019,NA,TNA,Septiembre2019.sav,850000,0.6634869575500488,NA
2017,NA,TNA,Marzo2017.sav,250000,0.6325675845146179,NA
2020,NA,TNA,Junio2020.sav,0,1,NA
2022,NA,TNA,Base_web_Septiembre2022.sav,750000,1,NA
2020,NA,TNA,Junio2020.sav,900000,1,NA
2012,NA,TNA,septiembre2012.sav,350000,0.5957542061805725,NA
2016,NA,TNA,Junio2016.sav,900000,0.6368113160133362,NA
2013,NA,TNA,diciembre2013.sav,250000,0.6033506989479065,NA
2010,NA,TNA,diciembre2010.sav,600000,0.5622066259384155,NA
2008,NA,TNA,junio2008.sav,150000,0.5607762336730957,NA
2012,NA,TNA,septiembre2012.sav,400000,0.5957542061805725,NA
2015,NA,TNA,Septiembre2015.sav,400000,0.6205511689186096,NA
2015,NA,TNA,Diciembre2015.sav,1200000,0.622811496257782,NA
2011,NA,TNA,marzo2011.sav,360000,0.5766535997390747,NA
2021,NA,TNA,Base_web_Diciembre2021s.sav,600000,1,NA
2008,NA,TNA,diciembre2008.sav,0,0.5353538990020752,NA
2017,NA,TNA,Septiembre2017.sav,600000,0.6524633169174194,NA
2011,NA,TNA,septiembre2011.sav,300000,0.5689879059791565,NA
2022,NA,TNA,Base_web_Marzo2022.sav,600000,1,NA
2009,NA,TNA,marzo2009.sav,150000,0.5485936403274536,NA
2015,NA,TNA,Junio2015.sav,450000,0.6414608359336853,NA
2018,NA,TNA,Marzo2018.sav,60000,0.652150571346283,NA
2012,NA,TNA,junio2012.sav,120000,0.5873299837112427,NA
2008,NA,TNA,junio2008.sav,180000,0.5607762336730957,NA
2014,NA,TNA,septiembre2014.sav,225000,0.6223031878471375,NA
2016,NA,TNA,Marzo2016.sav,0,0.6293061971664429,NA
2013,NA,TNA,marzo2013.sav,300000,0.5976892709732056,NA
2016,NA,TNA,Septiembre2016.sav,500000,0.6386399269104004,NA
2009,NA,TNA,septiembre2009.sav,400000,0.5532302260398865,NA
2012,NA,TNA,marzo2012.sav,70000,0.5810152292251587,NA
2013,NA,TNA,marzo2013.sav,99999999,0.5976892709732056,NA
2022,NA,TNA,Base_web_Septiembre2022.sav,400000,1,NA
2015,NA,TNA,Junio2015.sav,350000,0.6414608359336853,NA
2017,NA,TNA,Marzo2017.sav,316000,0.6325675845146179,NA
2015,NA,TNA,marzo2015.sav,2800000,0.6357578039169312,NA
2014,NA,TNA,junio2014.sav,210000,0.612048864364624,NA
2013,NA,TNA,diciembre2013.sav,1400000,0.6033506989479065,NA
2016,NA,TNA,Septiembre2016.sav,220000,0.6386399269104004,NA
2020,NA,TNA,Base_web_Diciembre2020.sav,1000000,0.489356130361557,NA
2017,NA,TNA,Marzo2017.sav,460000,0.6325675845146179,NA
2012,NA,TNA,junio2012.sav,23000,0.5873299837112427,NA
2022,NA,TNA,Base_web_Marzo2022.sav,1800000,1,NA
2017,NA,TNA,Junio2017.sav,600000,0.6613757610321045,NA
2015,NA,TNA,Septiembre2015.sav,700000,0.6205511689186096,NA
2012,NA,TNA,marzo2012.sav,99999999,0.5810152292251587,NA
2011,NA,TNA,diciembre2011.sav,220000,0.5796495079994202,NA
2016,NA,TNA,Marzo2016.sav,200000,0.6293061971664429,NA
2017,NA,TNA,Junio2017.sav,1200000,0.6613757610321045,NA
2018,NA,TNA,Junio2018.sav,1250000,0.6682984232902527,NA
2015,NA,TNA,Septiembre2015.sav,1400000,0.6205511689186096,NA
2020,NA,TNA,Base_web_Septiembre2020.sav,0,1,NA
2012,NA,TNA,diciembre2012.sav,500000,0.5972103476524353,NA
2009,NA,TNA,septiembre2009.sav,1000000,0.5532302260398865,NA
2019,NA,TNA,Diciembre2019.sav,600000,0.6615179181098938,NA
2016,NA,TNA,Septiembre2016.sav,600000,0.6386399269104004,NA
2011,NA,TNA,marzo2011.sav,99999999,0.5766535997390747,NA
2020,NA,TNA,Marzo2020.sav,1000000,0.5601732134819031,NA
2015,NA,TNA,Diciembre2015.sav,250000,0.622811496257782,NA
2008,NA,TNA,diciembre2008.sav,400000,0.5353538990020752,NA
2015,NA,TNA,Junio2015.sav,250000,0.6414608359336853,NA
2008,NA,TNA,marzo2008.sav,200000,0.5564092397689819,NA
2022,NA,TNA,Base_web_Marzo2022.sav,600000,1,NA
2015,NA,TNA,Septiembre2015.sav,99999999,0.6205511689186096,NA
2008,NA,TNA,marzo2008.sav,180000,0.5564092397689819,NA
2020,NA,TNA,Base_web_Septiembre2020.sav,780000,1,NA
2011,NA,TNA,diciembre2011.sav,300000,0.5796495079994202,NA
2009,NA,TNA,diciembre2009.sav,200000,0.5625781416893005,NA
2015,NA,TNA,Diciembre2015.sav,2000000,0.622811496257782,NA
2008,NA,TNA,junio2008.sav,140000,0.5607762336730957,NA
2020,NA,TNA,Base_web_Diciembre2020.sav,1800000,0.489356130361557,NA
2013,NA,TNA,marzo2013.sav,99999999,0.5976892709732056,NA
2014,NA,TNA,septiembre2014.sav,300000,0.6223031878471375,NA
2008,NA,TNA,diciembre2008.sav,180000,0.5353538990020752,NA
2012,NA,TNA,junio2012.sav,140000,0.5873299837112427,NA
2013,NA,TNA,marzo2013.sav,320000,0.5976892709732056,NA
2017,NA,TNA,Marzo2017.sav,1400000,0.6325675845146179,NA
2011,NA,TNA,marzo2011.sav,300000,0.5766535997390747,NA
2020,NA,TNA,Base_web_Diciembre2020.sav,650000,0.489356130361557,NA
2014,NA,TNA,Diciembre2014.sav,1000000,0.6248694062232971,NA
2013,NA,TNA,junio2013.sav,200000,0.608673095703125,NA
2020,NA,TNA,Base_web_Diciembre2020.sav,900000,0.489356130361557,NA
2012,NA,TNA,diciembre2012.sav,250000,0.5972103476524353,NA
2015,NA,TNA,marzo2015.sav,320000,0.6357578039169312,NA
2011,NA,TNA,junio2011.sav,550000,0.5633636116981506,NA
2017,NA,TNA,Septiembre2017.sav,270000,0.6524633169174194,NA
2012,NA,TNA,diciembre2012.sav,120000,0.5972103476524353,NA
2011,NA,TNA,diciembre2011.sav,250000,0.5796495079994202,NA
2009,NA,TNA,junio2009.sav,350000,0.5482271909713745,NA
2022,NA,TNA,Diciembre2022.sav,450000,1,NA
2012,NA,TNA,septiembre2012.sav,220000,0.5957542061805725,NA
2013,NA,TNA,junio2013.sav,350000,0.608673095703125,NA
2009,NA,TNA,junio2009.sav,400000,0.5482271909713745,NA
2016,NA,TNA,Marzo2016.sav,1500000,0.6293061971664429,NA
2019,NA,TNA,Diciembre2019.sav,2000000,0.6615179181098938,NA
2016,NA,TNA,Septiembre2016.sav,700000,0.6386399269104004,NA
2016,NA,TNA,Junio2016.sav,1000000,0.6368113160133362,NA
2014,NA,TNA,junio2014.sav,300000,0.612048864364624,NA
2008,NA,TNA,marzo2008.sav,30000,0.5564092397689819,NA
2012,NA,TNA,marzo2012.sav,400000,0.5810152292251587,NA
2014,NA,TNA,marzo2014.sav,210000,0.6119349002838135,NA
2016,NA,TNA,Junio2016.sav,250000,0.6368113160133362,NA
2019,NA,TNA,Diciembre2019.sav,4000000,0.6615179181098938,NA
2013,NA,TNA,diciembre2013.sav,200000,0.6033506989479065,NA
2011,NA,TNA,marzo2011.sav,64000,0.5766535997390747,NA
2010,NA,TNA,marzo2010.sav,350000,0.5535104274749756,NA
2017,NA,TNA,Marzo2017.sav,650000,0.6325675845146179,NA
2013,NA,TNA,marzo2013.sav,99999999,0.5976892709732056,NA
2020,NA,TNA,Base_web_Diciembre2020.sav,1000000,0.489356130361557,NA
2010,NA,TNA,junio2010.sav,700000,0.5534822344779968,NA
2010,NA,TNA,diciembre2010.sav,200000,0.5622066259384155,NA
2010,NA,TNA,septiembre2010.sav,80000,0.550058901309967,NA
2008,NA,TNA,septiembre2008.sav,200000,0.5581409931182861,NA
2017,NA,TNA,Diciembre2017.sav,700000,0.6388756632804871,NA
2017,NA,TNA,Marzo2017.sav,1000000,0.6325675845146179,NA
2020,NA,TNA,Base_web_Septiembre2020.sav,99999999,1,NA
2008,NA,TNA,junio2008.sav,500000,0.5607762336730957,NA
2022,NA,TNA,Base_web_Marzo2022.sav,200000,1,NA
2017,NA,TNA,Junio2017.sav,850000,0.6613757610321045,NA
2009,NA,TNA,marzo2009.sav,800000,0.5485936403274536,NA
2014,NA,TNA,Diciembre2014.sav,350000,0.6248694062232971,NA
2021,NA,TNA,Base_web_Diciembre2021s.sav,650000,1,NA
2011,NA,TNA,diciembre2011.sav,330000,0.5796495079994202,NA
2008,NA,TNA,junio2008.sav,150000,0.5607762336730957,NA
2009,NA,TNA,septiembre2009.sav,170000,0.5532302260398865,NA
2011,NA,TNA,diciembre2011.sav,350000,0.5796495079994202,NA
2011,NA,TNA,septiembre2011.sav,500000,0.5689879059791565,NA
2013,NA,TNA,junio2013.sav,350000,0.608673095703125,NA
2020,NA,TNA,Base_web_Diciembre2020.sav,950000,0.489356130361557,NA
2014,NA,TNA,marzo2014.sav,500000,0.6119349002838135,NA
2019,NA,TNA,Diciembre2019.sav,99999999,0.6615179181098938,NA
2010,NA,TNA,diciembre2010.sav,200000,0.5622066259384155,NA
2009,NA,TNA,diciembre2009.sav,40000,0.5625781416893005,NA
2019,NA,TNA,Junio2019.sav,250000,0.6869522333145142,NA
2016,NA,TNA,Junio2016.sav,800000,0.6368113160133362,NA
2016,NA,TNA,Septiembre2016.sav,60000,0.6386399269104004,NA
2012,NA,TNA,septiembre2012.sav,0,0.5957542061805725,NA
2015,NA,TNA,Septiembre2015.sav,99999999,0.6205511689186096,NA
2016,NA,TNA,Septiembre2016.sav,300000,0.6386399269104004,NA
2014,NA,TNA,marzo2014.sav,0,0.6119349002838135,NA
2011,NA,TNA,septiembre2011.sav,180000,0.5689879059791565,NA
2014,NA,TNA,septiembre2014.sav,300000,0.6223031878471375,NA
2011,NA,TNA,septiembre2011.sav,185000,0.5689879059791565,NA
2013,NA,TNA,marzo2013.sav,280000,0.5976892709732056,NA
2015,NA,TNA,Diciembre2015.sav,450000,0.622811496257782,NA
2009,NA,TNA,septiembre2009.sav,165000,0.5532302260398865,NA
2015,NA,TNA,Diciembre2015.sav,200000,0.622811496257782,NA
2012,NA,TNA,junio2012.sav,350000,0.5873299837112427,NA
2017,NA,TNA,Diciembre2017.sav,520000,0.6388756632804871,NA
2019,NA,TNA,Diciembre2019.sav,350000,0.6615179181098938,NA
2018,NA,TNA,Junio2018.sav,3900000,0.6682984232902527,NA
2015,NA,TNA,Septiembre2015.sav,99999999,0.6205511689186096,NA
2013,NA,TNA,septiembre2013.sav,170000,0.5971465706825256,NA
2019,NA,TNA,Junio2019.sav,350000,0.6869522333145142,NA
2011,NA,TNA,marzo2011.sav,300000,0.5766535997390747,NA
2009,NA,TNA,marzo2009.sav,110000,0.5485936403274536,NA
2015,NA,TNA,Junio2015.sav,350000,0.6414608359336853,NA
2014,NA,TNA,junio2014.sav,30000,0.612048864364624,NA
2010,NA,TNA,septiembre2010.sav,220000,0.550058901309967,NA
2009,NA,TNA,diciembre2009.sav,160000,0.5625781416893005,NA
2016,NA,TNA,Septiembre2016.sav,600000,0.6386399269104004,NA
2011,NA,TNA,marzo2011.sav,250000,0.5766535997390747,NA
2016,NA,TNA,Septiembre2016.sav,7000000,0.6386399269104004,NA
2010,NA,TNA,junio2010.sav,200000,0.5534822344779968,NA
2013,NA,TNA,marzo2013.sav,350000,0.5976892709732056,NA
2015,NA,TNA,Septiembre2015.sav,0,0.6205511689186096,NA
2022,NA,TNA,Diciembre2022.sav,460000,1,NA
2017,NA,TNA,Septiembre2017.sav,99999999,0.6524633169174194,NA
2019,NA,TNA,Diciembre2019.sav,2500000,0.6615179181098938,NA
2010,NA,TNA,marzo2010.sav,150000,0.5535104274749756,NA
2013,NA,TNA,diciembre2013.sav,99999999,0.6033506989479065,NA
2009,NA,TNA,junio2009.sav,380000,0.5482271909713745,NA
2008,NA,TNA,junio2008.sav,166000,0.5607762336730957,NA
2016,NA,TNA,Septiembre2016.sav,99999999,0.6386399269104004,NA
2017,NA,TNA,Junio2017.sav,290000,0.6613757610321045,NA
2019,NA,TNA,Septiembre2019.sav,99999999,0.6634869575500488,NA
2010,NA,TNA,diciembre2010.sav,200000,0.5622066259384155,NA
2008,NA,TNA,marzo2008.sav,150000,0.5564092397689819,NA
2009,NA,TNA,junio2009.sav,165000,0.5482271909713745,NA
2009,NA,TNA,junio2009.sav,500000,0.5482271909713745,NA
2022,NA,TNA,Diciembre2022.sav,700000,1,NA
2017,NA,TNA,Septiembre2017.sav,610000,0.6524633169174194,NA
2013,NA,TNA,junio2013.sav,99999999,0.608673095703125,NA
2012,NA,TNA,septiembre2012.sav,193000,0.5957542061805725,NA
2015,NA,TNA,Diciembre2015.sav,400000,0.622811496257782,NA
2011,NA,TNA,junio2011.sav,200000,0.5633636116981506,NA
2019,NA,TNA,Marzo2019.sav,800000,0.6635043621063232,NA
2013,NA,TNA,junio2013.sav,300000,0.608673095703125,NA
2013,NA,TNA,diciembre2013.sav,300000,0.6033506989479065,NA
2020,NA,TNA,Base_web_Diciembre2020.sav,150000,0.489356130361557,NA
2020,NA,TNA,Base_web_Diciembre2020.sav,240000,0.489356130361557,NA
2013,NA,TNA,marzo2013.sav,250000,0.5976892709732056,NA
2008,NA,TNA,marzo2008.sav,300000,0.5564092397689819,NA
2022,NA,TNA,Base_web_Septiembre2022.sav,350000,1,NA
2022,NA,TNA,Base_web_Septiembre2022.sav,60000,1,NA
2019,NA,TNA,Marzo2019.sav,3000000,0.6635043621063232,NA
2019,NA,TNA,Junio2019.sav,600000,0.6869522333145142,NA
2011,NA,TNA,junio2011.sav,400000,0.5633636116981506,NA
2021,NA,TNA,Base_web_Septiembre2021.sav,600000,1,NA
2017,NA,TNA,Junio2017.sav,500000,0.6613757610321045,NA
2015,NA,TNA,Junio2015.sav,200000,0.6414608359336853,NA
2012,NA,TNA,diciembre2012.sav,380000,0.5972103476524353,NA
2017,NA,TNA,Marzo2017.sav,1000000,0.6325675845146179,NA
2012,NA,TNA,septiembre2012.sav,250000,0.5957542061805725,NA
2013,NA,TNA,septiembre2013.sav,500000,0.5971465706825256,NA
2010,NA,TNA,junio2010.sav,350000,0.5534822344779968,NA
2013,NA,TNA,diciembre2013.sav,420000,0.6033506989479065,NA
2019,NA,TNA,Diciembre2019.sav,3000000,0.6615179181098938,NA
2013,NA,TNA,marzo2013.sav,2500000,0.5976892709732056,NA
2021,NA,TNA,Base_web_Diciembre2021s.sav,450000,1,NA
2019,NA,TNA,Marzo2019.sav,550000,0.6635043621063232,NA
2009,NA,TNA,septiembre2009.sav,180000,0.5532302260398865,NA
2016,NA,TNA,Septiembre2016.sav,400000,0.6386399269104004,NA
2012,NA,TNA,marzo2012.sav,150000,0.5810152292251587,NA
2015,NA,TNA,Junio2015.sav,400000,0.6414608359336853,NA
2019,NA,TNA,Marzo2019.sav,400000,0.6635043621063232,NA
2009,NA,TNA,marzo2009.sav,200000,0.5485936403274536,NA
